[{"id":"user-image-WhatsAppImage2024-09-07at09.35.58.jpeg","publicUrl":"np://user.desktop.nicepage.com/Site_134526029/images/WhatsAppImage2024-09-07at09.35.58.jpeg","size":179257,"hash":"Vn8zFwF/c57RuzR4YqrfO2Jbm8s=","fileName":"WhatsAppImage2024-09-07at09.35.58.jpeg","name":"WhatsAppImage2024-09-07at09.35.58","width":900,"height":1600,"thumbnail":{"url":"np://user.desktop.nicepage.com/Site_134526029/images/thumbnails/WhatsAppImage2024-09-07at09.35.58.jpeg","width":141,"height":250},"folderId":null,"usages":["116647704"]},{"id":"user-image-WhatsAppImage2024-09-07at10.34.16.jpeg","publicUrl":"np://user.desktop.nicepage.com/Site_134526029/images/WhatsAppImage2024-09-07at10.34.16.jpeg","size":116848,"hash":"gxPXwH5+6TEkwnwtRTepVNfgWYQ=","fileName":"WhatsAppImage2024-09-07at10.34.16.jpeg","name":"WhatsAppImage2024-09-07at10.34.16","width":900,"height":1600,"thumbnail":{"url":"np://user.desktop.nicepage.com/Site_134526029/images/thumbnails/WhatsAppImage2024-09-07at10.34.16.jpeg","width":141,"height":250},"folderId":null,"usages":["116647704"]},{"id":"user-image-WhatsAppImage2024-09-07at10.20.25.jpeg","publicUrl":"np://user.desktop.nicepage.com/Site_134526029/images/WhatsAppImage2024-09-07at10.20.25.jpeg","size":172254,"hash":"tvpVwQlv1TcdeiAUaHd2mAj8QMU=","fileName":"WhatsAppImage2024-09-07at10.20.25.jpeg","name":"WhatsAppImage2024-09-07at10.20.25","width":1200,"height":1600,"thumbnail":{"url":"np://user.desktop.nicepage.com/Site_134526029/images/thumbnails/WhatsAppImage2024-09-07at10.20.25.jpeg","width":188,"height":250},"folderId":null,"usages":["116647704"]},{"id":"user-image-WhatsAppImage2024-09-07at10.11.58.jpeg","publicUrl":"np://user.desktop.nicepage.com/Site_134526029/images/WhatsAppImage2024-09-07at10.11.58.jpeg","size":105950,"hash":"uTrpaIgU16izMvp8gTdYhErKf2w=","fileName":"WhatsAppImage2024-09-07at10.11.58.jpeg","name":"WhatsAppImage2024-09-07at10.11.58","width":1200,"height":1600,"thumbnail":{"url":"np://user.desktop.nicepage.com/Site_134526029/images/thumbnails/WhatsAppImage2024-09-07at10.11.58.jpeg","width":188,"height":250},"folderId":null,"usages":["116647704"]},{"id":"user-image-WhatsAppImage2024-09-07at10.07.35.jpeg","publicUrl":"np://user.desktop.nicepage.com/Site_134526029/images/WhatsAppImage2024-09-07at10.07.35.jpeg","size":61724,"hash":"Ben7MC7EqbLYtJyDifFdIxgWSOc=","fileName":"WhatsAppImage2024-09-07at10.07.35.jpeg","name":"WhatsAppImage2024-09-07at10.07.35","width":810,"height":1080,"thumbnail":{"url":"np://user.desktop.nicepage.com/Site_134526029/images/thumbnails/WhatsAppImage2024-09-07at10.07.35.jpeg","width":188,"height":250},"folderId":null,"usages":["116647704"]},{"id":"user-image-WhatsAppImage2024-09-07at09.39.32.jpeg","publicUrl":"np://user.desktop.nicepage.com/Site_134526029/images/WhatsAppImage2024-09-07at09.39.32.jpeg","size":67080,"hash":"FVuy9EInLZQjAGOaAJ1OOgSGmpk=","fileName":"WhatsAppImage2024-09-07at09.39.32.jpeg","name":"WhatsAppImage2024-09-07at09.39.32","width":720,"height":1444,"thumbnail":{"url":"np://user.desktop.nicepage.com/Site_134526029/images/thumbnails/WhatsAppImage2024-09-07at09.39.32.jpeg","width":125,"height":250},"folderId":null,"usages":["116647704"]},{"id":"user-image-WhatsAppImage2024-09-07at09.40.18.jpeg","publicUrl":"np://user.desktop.nicepage.com/Site_134526029/images/WhatsAppImage2024-09-07at09.40.18.jpeg","size":33937,"hash":"fPytgF7J9PGozyxyvcAG3LP1Wgc=","fileName":"WhatsAppImage2024-09-07at09.40.18.jpeg","name":"WhatsAppImage2024-09-07at09.40.18","width":604,"height":453,"thumbnail":{"url":"np://user.desktop.nicepage.com/Site_134526029/images/thumbnails/WhatsAppImage2024-09-07at09.40.18.jpeg","width":250,"height":188},"folderId":null,"usages":["116647704"]},{"id":"user-image-WhatsAppImage2024-09-07at09.33.25.jpeg","publicUrl":"np://user.desktop.nicepage.com/Site_134526029/images/WhatsAppImage2024-09-07at09.33.25.jpeg","size":88338,"hash":"+62A8Eh1rcFm2h5+kvqWW79WiD8=","fileName":"WhatsAppImage2024-09-07at09.33.25.jpeg","name":"WhatsAppImage2024-09-07at09.33.25","width":720,"height":1600,"thumbnail":{"url":"np://user.desktop.nicepage.com/Site_134526029/images/thumbnails/WhatsAppImage2024-09-07at09.33.25.jpeg","width":113,"height":250},"folderId":null,"usages":["116647704"]}]