[{"id":2560929951,"title":"Blog Template","order":1,"templateKey":"blog","customTemplate":false,"customTemplateFilename":null,"pageLinks":[],"dateCreated":"2024-09-07T02:27:25.611Z","dateUpdated":"2024-09-07T02:27:26.373Z","folderId":null,"pageName":"Blog Template","serverPageId":null,"sectionCount":1,"status":2,"backwardUrl":null},{"id":2029222932,"title":"Post Template","order":2,"templateKey":"post","customTemplate":false,"customTemplateFilename":null,"pageLinks":[],"dateCreated":"2024-09-07T02:27:25.719Z","dateUpdated":"2024-09-07T02:27:26.374Z","folderId":null,"pageName":"Post Template","serverPageId":null,"sectionCount":1,"status":2,"backwardUrl":null},{"id":319601487,"title":"Product List Template","order":3,"templateKey":"products","customTemplate":false,"customTemplateFilename":null,"pageLinks":[],"dateCreated":"2024-09-07T02:27:25.796Z","dateUpdated":"2024-09-07T02:27:26.374Z","folderId":null,"pageName":"Product List Template","serverPageId":null,"sectionCount":1,"status":2,"backwardUrl":null},{"id":89161368,"title":"Product Details Template","order":4,"templateKey":"product","customTemplate":false,"customTemplateFilename":null,"pageLinks":[],"dateCreated":"2024-09-07T02:27:25.865Z","dateUpdated":"2024-09-07T02:27:26.374Z","folderId":null,"pageName":"Product Details Template","serverPageId":null,"sectionCount":1,"status":2,"backwardUrl":null},{"id":79022663,"title":"Shopping Cart Template","order":5,"templateKey":"cart","customTemplate":false,"customTemplateFilename":null,"pageLinks":[],"dateCreated":"2024-09-07T02:27:25.931Z","dateUpdated":"2024-09-07T02:27:26.374Z","folderId":null,"pageName":"Shopping Cart Template","serverPageId":null,"sectionCount":1,"status":2,"backwardUrl":null},{"id":282698354,"title":"Checkout Template","order":6,"templateKey":"checkout","customTemplate":false,"customTemplateFilename":null,"pageLinks":[],"dateCreated":"2024-09-07T02:27:26.016Z","dateUpdated":"2024-09-07T02:27:26.374Z","folderId":null,"pageName":"Checkout Template","serverPageId":null,"sectionCount":1,"status":2,"backwardUrl":null},{"id":118772578,"title":"Login Template","order":7,"templateKey":"login","customTemplate":false,"customTemplateFilename":null,"pageLinks":[],"dateCreated":"2024-09-07T02:27:26.065Z","dateUpdated":"2024-09-07T02:27:26.374Z","folderId":null,"pageName":"Login Template","serverPageId":null,"sectionCount":1,"status":2,"backwardUrl":null},{"id":69997201,"title":"Page Password Template","order":8,"templateKey":"password","customTemplate":false,"customTemplateFilename":null,"pageLinks":[],"dateCreated":"2024-09-07T02:27:26.100Z","dateUpdated":"2024-09-07T02:27:26.374Z","folderId":null,"pageName":"Page Password Template","serverPageId":null,"sectionCount":1,"status":2,"backwardUrl":null},{"id":444620400,"title":"404 Not Found Template","order":9,"templateKey":"404","customTemplate":false,"customTemplateFilename":null,"pageLinks":[],"dateCreated":"2024-09-07T02:27:26.134Z","dateUpdated":"2024-09-07T02:27:26.374Z","folderId":null,"pageName":"404 Not Found Template","serverPageId":null,"sectionCount":1,"status":2,"backwardUrl":null},{"id":431502018,"title":"Thank You Page Template","order":10,"templateKey":"ThankYou","customTemplate":false,"customTemplateFilename":null,"pageLinks":[],"dateCreated":"2024-09-07T02:27:26.167Z","dateUpdated":"2024-09-07T02:27:26.374Z","folderId":null,"pageName":"Thank You Page Template","serverPageId":null,"sectionCount":1,"status":2,"backwardUrl":null},{"id":116647704,"title":"Home","order":50,"templateKey":null,"customTemplate":false,"customTemplateFilename":null,"pageLinks":[],"dateCreated":"2024-09-07T02:27:26.618Z","dateUpdated":"2024-09-07T03:50:06.897Z","folderId":null,"pageName":"Home_116647704","serverPageId":null,"sectionCount":8,"status":2,"backwardUrl":null},{"id":1741829105,"title":"About","order":100,"templateKey":null,"customTemplate":false,"customTemplateFilename":null,"pageLinks":[],"dateCreated":"2024-09-07T02:27:26.191Z","dateUpdated":"2024-09-07T02:27:26.374Z","folderId":null,"pageName":"About_1741829105","serverPageId":null,"sectionCount":1,"status":2,"backwardUrl":null},{"id":1689800506,"title":"Contact","order":101,"templateKey":null,"customTemplate":false,"customTemplateFilename":null,"pageLinks":[],"dateCreated":"2024-09-07T02:27:26.213Z","dateUpdated":"2024-09-07T02:27:26.374Z","folderId":null,"pageName":"Contact_1689800506","serverPageId":null,"sectionCount":1,"status":2,"backwardUrl":null}]